{"accuracy": 0.9895, "precision": 0.9462915601023018, "recall": 1.0, "f1_score": 0.9724047306176083, "roc_auc": 0.9999784447023711}