{"accuracy": 0.9955, "precision": 0.9865229110512129, "recall": 0.9891891891891892, "f1_score": 0.9878542510121457, "roc_auc": 0.9998391643176919}